"card_id","id","claim","sourceId"
"service-chuan-bi-tam-tru","prepare-info","Khi nộp trực tiếp, cung cấp thông tin cơ bản và điều kiện đăng ký cư trú để cán bộ khai thác cơ sở dữ liệu, tạo hồ sơ.","residence-2026"
"service-chuan-bi-tam-tru","shared-info","Thông tin, giấy tờ đã được kết nối, chia sẻ và khai thác từ cơ sở dữ liệu hoặc VNeID thì không phải nộp hay xuất trình lại.","residence-2026"
"service-chuan-bi-tam-tru","dorm-info","Sinh viên ở tập trung trong ký túc xá có thể đăng ký qua đơn vị trực tiếp quản lý chỗ ở.","temporary-residence-2026"
"service-chuan-bi-tam-tru","tracking-info","Mỗi hồ sơ được cấp mã để theo dõi tiến độ. Bản demo không tra cứu tiến độ hồ sơ cá nhân.","residence-2026"
"service-chuan-bi-tam-tru","ward-boundary","Phường Liên Chiểu gồm Hòa Khánh Bắc cũ và phần còn lại của Hòa Liên sau điều chỉnh sang Hải Vân; không phải toàn bộ quận Liên Chiểu cũ.","ward-2025"
"service-chuan-bi-thuong-tru","thuong-tru-cho-o","Công dân có chỗ ở hợp pháp thuộc quyền sở hữu của mình thì được đăng ký thường trú tại chỗ ở hợp pháp đó.","residence-law-2020"
"service-chuan-bi-thuong-tru","thuong-tru-dvc","Hồ sơ gồm Tờ khai thay đổi thông tin cư trú và giấy tờ, tài liệu chứng minh chỗ ở hợp pháp, nộp qua Cổng Dịch vụ công hoặc VNeID.","dvc-thuong-tru"
"service-dang-nhap-dvc-cu-tru","vneid-login-muc2","Sử dụng tài khoản VNeID mức độ 2 để đăng nhập các dịch vụ công trực tuyến và thủ tục cư trú.","vneid-dvc-guide"
"service-dang-nhap-dvc-cu-tru","vneid-bao-mat","Bảo mật tài khoản VNeID, không giao mã OTP hoặc mật khẩu cho người hỗ trợ.","vneid-dvc-guide"
"service-tra-cuu-bo-sung-ho-so-cu-tru","lookup-ma-ho-so","Nhập mã hồ sơ và mã xác thực để tra cứu trạng thái xử lý, văn bản yêu cầu bổ sung trên Cổng DVC BCA.","dvc-bca-lookup"
"service-tra-cuu-bo-sung-ho-so-cu-tru","bo-sung-online","Thực hiện nộp bổ sung tài liệu theo đúng thông báo yêu cầu của cán bộ tiếp nhận trên Cổng DVC.","dvc-bca-lookup"
"service-chuyen-truong-hoc-sinh","chuyen-truong-ho-so","Hồ sơ chuyển trường gồm đơn xin chuyển trường, học bạ bản chính, giấy chứng nhận trúng tuyển và giấy tờ xác nhận nơi cư trú.","so-gddt-danang"
"service-chuyen-truong-hoc-sinh","chuyen-truong-tiep-nhan","Hiệu trưởng trường nơi đến kiểm tra và tiếp nhận hồ sơ theo đúng phân tuyến và chỉ tiêu sĩ số.","dvc-chuyen-truong"
"service-ho-tro-hoc-phi-da-nang","hoc-phi-chinh-sach","Hỗ trợ 100% học phí công lập cho trẻ em mầm non và học sinh phổ thông trên địa bàn thành phố Đà Nẵng.","nq-hoc-phi-danang"
"service-tham-gia-bhyt-ho-gia-dinh","bhyt-muc-dong","Mức đóng BHYT hộ gia đình được giảm dần từ người thứ hai trở đi trong cùng hộ gia đình.","bhxh-danang-bhyt"
"service-tham-gia-bhyt-ho-gia-dinh","bhyt-diem-thu","Có thể đăng ký nộp tiền BHYT qua đại lý thu bưu điện, UBND phường hoặc Cổng Dịch vụ công trực tuyến.","bhxh-danang-bhyt"
"service-phan-loai-rac-tai-nguon","rac-3-nhom","Chất thải rắn sinh hoạt được phân chia thành chất thải tái chế, chất thải nguy hại và chất thải còn lại.","danang-phan-loai-rac"
"service-phan-loai-rac-tai-nguon","rac-lich-thu-gom","Chuyển giao chất thải cho đơn vị thu gom đúng giờ và đúng vị trí quy định của tổ dân phố.","danang-phan-loai-rac"
"place-trung-tam-hanh-chinh-lien-chieu","center-address","Công bố địa chỉ đặt trụ sở UBND và Trung tâm Phục vụ hành chính công phường tại 68 Lạc Long Quân.","public-center-2025"
"place-trung-tam-hanh-chinh-lien-chieu","ward-boundary","Phường Liên Chiểu gồm Hòa Khánh Bắc cũ và phần còn lại của Hòa Liên sau điều chỉnh sang Hải Vân; không phải toàn bộ quận Liên Chiểu cũ.","ward-2025"
"place-cong-an-phuong-lien-chieu","ca-address","Công an phường Liên Chiểu đặt trụ sở tại số 66 đường Lạc Long Quân, phường Liên Chiểu.","cong-an-lien-chieu-2025"
"place-tram-y-te-lien-chieu","tyt-address","Trạm Y tế phường Liên Chiểu đặt tại số 178 đường Âu Cơ, phường Liên Chiểu.","tram-y-te-lien-chieu"
"place-diem-ho-tro-so-cong-dong","to-so-location","Điểm hỗ trợ số công cộng đặt tại sảnh Bộ phận một cửa 68 Lạc Long Quân do thanh niên tình nguyện trực.","to-cong-nghe-so-lien-chieu"
"place-dai-hoc-bach-khoa-da-nang","dut-address","Trụ sở chính Trường Đại học Bách khoa – ĐHĐN tại số 54 đường Nguyễn Lương Bằng, phường Liên Chiểu, TP. Đà Nẵng.","dh-bach-khoa-danang"
"place-cao-dang-kinh-te-ke-hoach","cep-address","Địa chỉ Trường Cao đẳng Kinh tế - Kế hoạch tại số 143 đường Nguyễn Lương Bằng, phường Liên Chiểu, TP. Đà Nẵng.","cd-kinh-te-ke-hoach"
"place-thpt-nguyen-trai","thpt-nt-address","Địa chỉ Trường THPT Nguyễn Trãi tại số 01 đường Phan Văn Định, phường Liên Chiểu, TP. Đà Nẵng.","thpt-nguyen-trai"
"place-thcs-nguyen-luong-bang","thcs-nlb-address","Địa chỉ Trường THCS Nguyễn Lương Bằng tại số 27 đường Nguyễn Lương Bằng, phường Liên Chiểu, TP. Đà Nẵng.","thcs-nguyen-luong-bang"
"place-trung-tam-thong-tin-hoc-lieu-bach-khoa","lic-address","Tòa nhà Trung tâm Thông tin - Học liệu tại 54 Nguyễn Lương Bằng, phường Liên Chiểu, Đà Nẵng.","thong-tin-hoc-lieu-bach-khoa"
"place-trung-tam-van-hoa-the-thao-cong-nhan","ttvh-cn-address","Trung tâm Văn hóa Thể thao Công nhân đặt tại Đường số 2, KCN Hòa Khánh, phường Liên Chiểu.","tt-vh-tt-cong-nhan"
"discover-di-tich-b1-hong-phuoc","b1-national-relic","Căn cứ lõm cách mạng B1 Hồng Phước được công nhận là Di tích lịch sử cấp quốc gia năm 2014.","di-tich-b1-hong-phuoc"
"discover-chuyen-ke-ngon-den-dau-hong-phuoc","lamp-signal-story","Ngọn đèn dầu đặt trước hiên nhà là tín hiệu quy ước báo tin bình an hoặc nguy hiểm của các cơ sở cách mạng tại căn cứ lõm B1 Hồng Phước.","huyen-thoai-ngon-den-dau"
"discover-dinh-lang-thanh-vinh","thanh-vinh-relic","Đình làng Thanh Vinh là nơi sinh hoạt văn hóa tín ngưỡng truyền thống của cư dân địa phương.","dinh-lang-thanh-vinh"
"discover-khong-gian-cong-nhan-kcn-hoa-khanh","kcn-culture-life","Khu công nghiệp Hòa Khánh quy tụ hơn 30.000 công nhân lao động từ nhiều tỉnh thành tạo nên đời sống sinh hoạt văn hóa cộng đồng đặc thù.","doi-song-cong-nhan-hoa-khanh"
"discover-san-pham-ocop-ngoc-oanh-food","ocop-ngoc-oanh-cert","Cơ sở thực phẩm Ngọc Oanh Food tại số 856/54 Tôn Đức Thắng đạt chứng nhận sản phẩm OCOP 3 sao.","ocop-ngoc-oanh-food"
"discover-tuyen-duong-thanh-nien-chuyen-doi-so","cds-street-project","Đoàn phường Liên Chiểu tổ chức gắn mã QR thông tin và hướng dẫn thanh toán số trên tuyến đường Nguyễn Lương Bằng.","tuyen-duong-cds-thanh-nien"
